rank,feature,importance
1,duration,0.30600567771624665
2,day,0.09769716785164573
3,contact_ohe_unknown,0.057395381289682995
4,month_ohe_jun,0.05736423787610529
5,housing_ohe_yes,0.053118580240774725
6,poutcome_ohe_success,0.04947426786137304
7,month_ohe_apr,0.046275028458050406
8,age,0.046051452186315206
9,month_ohe_oct,0.032901094833405
10,month_ohe_mar,0.032071657315380225
