fraction,num_features,accuracy,precision,recall,f1,auc,model_name,tuned
1.0,15,0.8191194410557835,0.3423710792131845,0.6204238921001927,0.4412470023980815,0.7950493117651569,GBT,False
0.8,12,0.8167905068204503,0.3372216330858961,0.6127167630057804,0.43502051983584133,0.7930558201792232,GBT,False
0.6,9,0.8259953421315294,0.35092644581695676,0.6021194605009634,0.44341965235899256,0.793526467961059,GBT,False
