model,tuned,accuracy,precision,recall,f1,auc
LogisticRegression,False,0.8935344349561939,0.6274509803921569,0.18497109826589594,0.2857142857142857,0.7646066831019103
RandomForest,False,0.893090828435178,0.7466666666666667,0.10789980732177264,0.18855218855218855,0.7533474189593536
GBT,False,0.8941998447377176,0.6088082901554405,0.22639691714836224,0.3300561797752809,0.7999872497676345
LogisticRegression,True,0.8935344349561939,0.6274509803921569,0.18497109826589594,0.2857142857142857,0.7645953938336693
RandomForest,True,0.8957524675612731,0.6929133858267716,0.16955684007707128,0.2724458204334365,0.7898531091127707
