model,tuned,accuracy,precision,recall,f1,auc
LogisticRegression,False,0.902406565376511,0.6395759717314488,0.348747591522158,0.45137157107231923,0.9089155275372421
RandomForest,False,0.8949761561494954,0.8273381294964028,0.11078998073217726,0.19541206457094307,0.8840159295800801
GBT,False,0.9042918930908285,0.6200274348422496,0.43545279383429675,0.511601584606678,0.9271362857365706
LogisticRegression,True,0.902406565376511,0.6395759717314488,0.348747591522158,0.45137157107231923,0.9089155275372423
RandomForest,True,0.899412221359654,0.7509578544061303,0.18882466281310212,0.30177059276366436,0.9183176768690279
