model,tuned,accuracy,precision,recall,f1,auc
LogisticRegression,False,0.7506931351890873,0.257223113964687,0.617533718689788,0.3631728045325779,0.7662009451109736
RandomForest,False,0.7485860042142619,0.2591140729125833,0.6368015414258189,0.3683477291724715,0.7649637741267358
GBT,False,0.8191194410557835,0.3423710792131845,0.6204238921001927,0.4412470023980815,0.7950514247298006
GBT,True,0.8191194410557835,0.3423710792131845,0.6204238921001927,0.4412470023980815,0.795042972871225
RandomForest,True,0.8130198513918154,0.3254310344827586,0.581888246628131,0.41741534208707665,0.7860492294199068
