{
  "results": [
    {
      "confusion_matrix": {
        "fn": 695,
        "fp": 180,
        "tn": 7746,
        "tp": 396
      },
      "fit_seconds": 23.953143464001187,
      "label_mapping": {
        "labels": [
          "no",
          "yes"
        ],
        "positive_label": "yes"
      },
      "metrics": {
        "accuracy": 0.9029610735277809,
        "auc": 0.9130046421608871,
        "f1": 0.4751049790041992,
        "precision": 0.6875,
        "recall": 0.3629697525206233
      },
      "model": "lr",
      "model_path": "models/pipeline_lr"
    },
    {
      "confusion_matrix": {
        "fn": 977,
        "fp": 23,
        "tn": 7903,
        "tp": 114
      },
      "fit_seconds": 9.840966824001953,
      "label_mapping": {
        "labels": [
          "no",
          "yes"
        ],
        "positive_label": "yes"
      },
      "metrics": {
        "accuracy": 0.8890983697460353,
        "auc": 0.8855206373898992,
        "f1": 0.18566775244299674,
        "precision": 0.8321167883211679,
        "recall": 0.10449129239230064
      },
      "model": "rf",
      "model_path": "models/pipeline_rf"
    },
    {
      "confusion_matrix": {
        "fn": 685,
        "fp": 198,
        "tn": 7728,
        "tp": 406
      },
      "fit_seconds": 15.547468292999838,
      "label_mapping": {
        "labels": [
          "no",
          "yes"
        ],
        "positive_label": "yes"
      },
      "metrics": {
        "accuracy": 0.9020738604857491,
        "auc": 0.9249372576257051,
        "f1": 0.4790560471976401,
        "precision": 0.6721854304635762,
        "recall": 0.3721356553620532
      },
      "model": "gbt",
      "model_path": "models/pipeline_gbt"
    }
  ],
  "seed": 42,
  "test_rows": 9017,
  "train_rows": 36194
}