{
  "count": 7,
  "input": "report/stream_progress_gbt_test.jsonl",
  "maxOffsetsBehindLatest": 0.0,
  "processedRowsPerSecond": {
    "avg": 51.734461194658294,
    "median": 51.24378109452737
  },
  "triggerExecutionMs": {
    "p95": 3416.099999999999
  }
}