{
  "count": 7,
  "input": "report/stream_progress_lr_test.jsonl",
  "maxOffsetsBehindLatest": 0.0,
  "processedRowsPerSecond": {
    "avg": 57.740895892486265,
    "median": 54.70767785865226
  },
  "triggerExecutionMs": {
    "p95": 3573.499999999998
  }
}