{
  "count": 10,
  "input": "report/stream_progress.jsonl",
  "maxOffsetsBehindLatest": 0.0,
  "processedRowsPerSecond": {
    "avg": 50.91738596925258,
    "median": 48.976984296465304
  },
  "triggerExecutionMs": {
    "p95": 7436.899999999996
  }
}