{
  "avg": 1387.5740660000001,
  "broker": "localhost:9092",
  "count": 500,
  "latencies_ms": [
    80.95700000000001,
    100.90100000000001,
    120.85799999999999,
    40.925000000000004,
    60.973,
    20.964,
    3583.761,
    3643.911,
    3603.901,
    3543.985,
    3623.815,
    3383.897,
    3523.943,
    3564.0170000000003,
    3483.9,
    3503.9060000000004,
    3263.952,
    3463.92,
    3163.941,
    3443.9739999999997,
    3423.746,
    3143.884,
    3403.954,
    3123.864,
    3363.935,
    3243.9049999999997,
    3223.916,
    3043.914,
    3343.743,
    3203.909,
    3323.958,
    3003.944,
    3303.772,
    3283.8940000000002,
    2983.758,
    2903.828,
    3183.798,
    2683.9469999999997,
    2923.933,
    3103.969,
    2843.884,
    2823.893,
    3083.92,
    2623.4069999999997,
    2763.951,
    3063.767,
    2603.928,
    2723.96,
    3023.929,
    2563.9500000000003,
    2660.9790000000003,
    2583.957,
    2963.965,
    2483.968,
    2943.878,
    2523.926,
    2383.9480000000003,
    2883.94,
    2323.9320000000002,
    2864.0099999999998,
    2443.956,
    2803.7329999999997,
    2783.864,
    2223.9049999999997,
    2163.9689999999996,
    2743.971,
    2343.763,
    2703.904,
    2143.952,
    2103.9469999999997,
    2643.972,
    2063.8869999999997,
    2543.929,
    2023.381,
    2283.601,
    2423.969,
    2083.875,
    2403.928,
    1983.8519999999999,
    2363.751,
    1963.8960000000002,
    2203.891,
    2503.939,
    2003.9669999999999,
    2463.782,
    2123.8540000000003,
    1843.6699999999998,
    2303.895,
    1803.93,
    1943.921,
    2263.92,
    2243.922,
    1722.8509999999999,
    1683.9679999999998,
    1923.883,
    1661.191,
    1603.926,
    1863.896,
    1584.004,
    2183.604,
    1783.9389999999999,
    2043.697,
    1563.959,
    1763.862,
    1541.907,
    1903.9109999999998,
    1703.836,
    1463.941,
    1883.9289999999999,
    1622.836,
    1823.898,
    1440.315,
    1743.7530000000002,
    1643.826,
    1423.961,
    1503.9389999999999,
    1283.847,
    1483.8400000000001,
    1363.913,
    1523.915,
    1323.874,
    1063.944,
    1243.789,
    1043.951,
    1202.476,
    1403.88,
    983.7479999999999,
    1383.9470000000001,
    1083.931,
    1343.866,
    1023.066,
    1303.847,
    903.962,
    1263.913,
    763.733,
    1003.903,
    1223.911,
    1183.9759999999999,
    963.948,
    843.948,
    823.994,
    1163.269,
    1143.928,
    1123.902,
    1103.823,
    723.981,
    943.797,
    923.725,
    663.682,
    883.864,
    863.9480000000001,
    803.179,
    783.956,
    742.876,
    643.976,
    543.9209999999999,
    463.95399999999995,
    423.86,
    703.918,
    403.871,
    380.09700000000004,
    343.805,
    303.962,
    283.918,
    263.923,
    183.70700000000002,
    683.942,
    163.84699999999998,
    623.946,
    123.907,
    83.988,
    603.931,
    63.887,
    583.7959999999999,
    563.902,
    523.828,
    500.29599999999994,
    483.878,
    243.857,
    443.78000000000003,
    143.269,
    363.89,
    323.83,
    223.895,
    203.823,
    102.976,
    43.92,
    23.973000000000003,
    2424.6859999999997,
    2285.9159999999997,
    2385.932,
    2125.74,
    2405.986,
    2365.697,
    2345.94,
    2045.776,
    2305.936,
    2325.94,
    1985.99,
    2205.949,
    2265.951,
    2185.94,
    2245.9519999999998,
    2165.985,
    2225.8830000000003,
    1965.981,
    2145.908,
    2105.931,
    2085.8660000000004,
    1946.015,
    1905.9569999999999,
    1885.937,
    2065.967,
    1785.9640000000002,
    1865.93,
    2025.772,
    2005.868,
    1825.9209999999998,
    1925.813,
    1665.9409999999998,
    1724.0819999999999,
    1585.95,
    1545.974,
    1845.887,
    1525.946,
    1805.9579999999999,
    1485.941,
    1765.198,
    1645.9779999999998,
    1705.9009999999998,
    1405.8999999999999,
    1605.975,
    1285.981,
    1245.9640000000002,
    1685.983,
    1445.964,
    1745.914,
    1626.009,
    1565.712,
    1205.997,
    1505.8709999999999,
    1425.969,
    1185.948,
    1465.917,
    1165.9669999999999,
    1385.808,
    1365.757,
    1345.617,
    1325.932,
    1305.937,
    1265.974,
    1225.763,
    1105.998,
    1145.8729999999998,
    1065.974,
    885.738,
    1045.85,
    1025.854,
    1125.913,
    1005.9350000000001,
    865.893,
    965.746,
    1085.817,
    825.5989999999999,
    985.989,
    945.9459999999999,
    805.96,
    925.991,
    742.298,
    905.7950000000001,
    685.592,
    845.9689999999999,
    605.121,
    755.7810000000001,
    785.836,
    564.8870000000001,
    726.005,
    621.4699999999999,
    485.65999999999997,
    704.62,
    663.679,
    585.954,
    442.75100000000003,
    642.246,
    542.254,
    505.27200000000005,
    521.719,
    462.068,
    405.755,
    385.752,
    304.50300000000004,
    419.71000000000004,
    344.215,
    281.26099999999997,
    245.99599999999998,
    182.892,
    164.828,
    65.68,
    364.838,
    45.774,
    320.534,
    265.048,
    225.226,
    145.99,
    121.937,
    205.684,
    105.53500000000001,
    85.622,
    25.817,
    2047.8740000000003,
    2068.977,
    1988.858,
    2108.942,
    1928.953,
    2008.912,
    2088.2900000000004,
    1848.941,
    1825.9399999999998,
    2028.936,
    1808.9869999999999,
    1908.865,
    1968.062,
    1788.914,
    1868.9640000000002,
    1948.843,
    1888.881,
    1748.927,
    1727.8690000000001,
    1688.93,
    1708.991,
    1668.865,
    1589.027,
    1768.91,
    1647.598,
    1468.905,
    1508.981,
    1448.922,
    1489.004,
    1409.019,
    1628.683,
    1608.993,
    1308.975,
    1429.014,
    1288.952,
    1388.952,
    1568.769,
    1268.99,
    1548.9299999999998,
    1348.921,
    1248.903,
    1528.984,
    1168.964,
    1109.0059999999999,
    1368.916,
    1228.8870000000002,
    1048.883,
    1328.921,
    1008.764,
    1188.893,
    1208.994,
    969.001,
    1089.003,
    1149.0020000000002,
    808.987,
    1068.932,
    768.941,
    748.987,
    1028.945,
    948.899,
    668.895,
    1129.011,
    988.989,
    565.174,
    888.692,
    468.36100000000005,
    928.944,
    908.968,
    868.534,
    828.7639999999999,
    728.9060000000001,
    848.974,
    648.9319999999999,
    788.99,
    628.933,
    708.8330000000001,
    528.825,
    688.9150000000001,
    608.576,
    426.336,
    588.46,
    548.8929999999999,
    348.634,
    506.8589999999999,
    487.04999999999995,
    441.258,
    261.178,
    284.196,
    88.80300000000001,
    68.949,
    406.087,
    48.772000000000006,
    388.212,
    366.35,
    228.738,
    207.90200000000002,
    128.821,
    28.905,
    8.911000000000001,
    325.072,
    301.382,
    246.377,
    181.316,
    168.969,
    148.951,
    108.916,
    1907.9850000000001,
    1847.797,
    1967.6,
    1947.948,
    1747.9370000000001,
    1927.992,
    1687.984,
    1548.033,
    1887.671,
    1996.123,
    1668.009,
    1527.947,
    1987.233,
    1607.922,
    1487.935,
    1467.995,
    1587.7669999999998,
    1867.8600000000001,
    1367.6029999999998,
    1567.938,
    1827.985,
    1327.956,
    1807.8909999999998,
    1507.961,
    1287.739,
    1787.941,
    1407.982,
    1767.957,
    1727.743,
    1247.879,
    1707.886,
    1307.9769999999999,
    1047.9560000000001,
    1187.874,
    1647.888,
    987.899,
    1167.753,
    867.994,
    1147.863,
    1627.816,
    667.9119999999999,
    1347.8380000000002,
    827.883,
    747.8430000000001,
    1267.916,
    587.913,
    567.654,
    707.9159999999999,
    1227.051,
    527.9019999999999,
    1207.84,
    687.858,
    507.918,
    1127.931,
    647.961,
    1107.951,
    466.235,
    1027.985,
    444.29200000000003,
    386.6,
    627.9209999999999,
    1007.943,
    607.881,
    547.964,
    427.953,
    967.953,
    405.875,
    367.451,
    907.9399999999999,
    807.9490000000001,
    1087.998,
    847.917,
    1068.011,
    1447.933,
    787.886,
    1427.943,
    947.928,
